id,url
15992526,https://www.ncbi.nlm.nih.gov/pubmed/15992526
17383819,https://www.ncbi.nlm.nih.gov/pubmed/17383819
18687882,https://www.ncbi.nlm.nih.gov/pubmed/18687882
19015103,https://www.ncbi.nlm.nih.gov/pubmed/19015103
19376182,https://www.ncbi.nlm.nih.gov/pubmed/19376182
19515497,https://www.ncbi.nlm.nih.gov/pubmed/19515497
19934046,https://www.ncbi.nlm.nih.gov/pubmed/19934046
20347913,https://www.ncbi.nlm.nih.gov/pubmed/20347913
20585395,https://www.ncbi.nlm.nih.gov/pubmed/20585395
20647384,https://www.ncbi.nlm.nih.gov/pubmed/20647384
20724662,https://www.ncbi.nlm.nih.gov/pubmed/20724662
21896752,https://www.ncbi.nlm.nih.gov/pubmed/21896752
22069391,https://www.ncbi.nlm.nih.gov/pubmed/22069391
22084107,https://www.ncbi.nlm.nih.gov/pubmed/22084107
22123970,https://www.ncbi.nlm.nih.gov/pubmed/22123970
22357335,https://www.ncbi.nlm.nih.gov/pubmed/22357335
22372486,https://www.ncbi.nlm.nih.gov/pubmed/22372486
22487732,https://www.ncbi.nlm.nih.gov/pubmed/22487732
22499788,https://www.ncbi.nlm.nih.gov/pubmed/22499788
22563705,https://www.ncbi.nlm.nih.gov/pubmed/22563705
22580735,https://www.ncbi.nlm.nih.gov/pubmed/22580735
22651577,https://www.ncbi.nlm.nih.gov/pubmed/22651577
22763666,https://www.ncbi.nlm.nih.gov/pubmed/22763666
22809402,https://www.ncbi.nlm.nih.gov/pubmed/22809402
22939719,https://www.ncbi.nlm.nih.gov/pubmed/22939719
23089921,https://www.ncbi.nlm.nih.gov/pubmed/23089921
23284802,https://www.ncbi.nlm.nih.gov/pubmed/23284802
23470776,https://www.ncbi.nlm.nih.gov/pubmed/23470776
23562248,https://www.ncbi.nlm.nih.gov/pubmed/23562248
23684879,https://www.ncbi.nlm.nih.gov/pubmed/23684879
23708061,https://www.ncbi.nlm.nih.gov/pubmed/23708061
24295535,https://www.ncbi.nlm.nih.gov/pubmed/24295535
24621820,https://www.ncbi.nlm.nih.gov/pubmed/24621820
24621832,https://www.ncbi.nlm.nih.gov/pubmed/24621832
24814480,https://www.ncbi.nlm.nih.gov/pubmed/24814480
25001970,https://www.ncbi.nlm.nih.gov/pubmed/25001970
25003328,https://www.ncbi.nlm.nih.gov/pubmed/25003328
25287464,https://www.ncbi.nlm.nih.gov/pubmed/25287464
25450139,https://www.ncbi.nlm.nih.gov/pubmed/25450139
25564674,https://www.ncbi.nlm.nih.gov/pubmed/25564674
25637390,https://www.ncbi.nlm.nih.gov/pubmed/25637390
25680993,https://www.ncbi.nlm.nih.gov/pubmed/25680993
25935637,https://www.ncbi.nlm.nih.gov/pubmed/25935637
26174935,https://www.ncbi.nlm.nih.gov/pubmed/26174935
26175754,https://www.ncbi.nlm.nih.gov/pubmed/26175754
26178189,https://www.ncbi.nlm.nih.gov/pubmed/26178189
26389606,https://www.ncbi.nlm.nih.gov/pubmed/26389606
26444016,https://www.ncbi.nlm.nih.gov/pubmed/26444016
26787430,https://www.ncbi.nlm.nih.gov/pubmed/26787430
28715704,https://www.ncbi.nlm.nih.gov/pubmed/28715704
29860184,https://www.ncbi.nlm.nih.gov/pubmed/29860184
29890447,https://www.ncbi.nlm.nih.gov/pubmed/29890447
29927293,https://www.ncbi.nlm.nih.gov/pubmed/29927293
32957930,https://www.ncbi.nlm.nih.gov/pubmed/32957930
